#,Name,Number game bought,Age,Payment type ,Gmail
1,Alex Carter,42,27,PayPal,alex.carter27@gmail.com
2,Jamie Nguyen,15,19,Credit Card,jamie.nguyen19@gmail.com
3,Priya Desai,63,31,Debit Card,priya.desai31@gmail.com
4,Marcus Lee,28,22,PayPal,marcus.lee22@gmail.com
5,Sofia Alvarez,37,25,Steam Wallet,sofia.alvarez25@gmail.com
6,Ethan Brooks,11,18,Credit Card,ethan.brooks18@gmail.com
7,Hannah Kim,54,29,PayPal,hannah.kim29@gmail.com
8,Daniel Rossi,22,24,Debit Card,daniel.rossi24@gmail.com
9,Chloe Zhang,33,26,Steam Wallet,chloe.zhang26@gmail.com
10,Ryan Patel,47,30,Credit Card,ryan.patel30@gmail.com
11,Lucas Meyer,19,20,PayPal,lucas.meyer20@gmail.com
12,Isabella Romero,71,32,Debit Card,isabella.romero32@gmail.com
13,Noah Thompson,8,18,Steam Wallet,noah.thompson18@gmail.com
14,Aisha Mohammed,52,28,Credit Card,aisha.m28@gmail.com
15,Benjamin Scott,39,23,PayPal,ben.scott23@gmail.com
16,Mei Lin,26,21,Debit Card,mei.lin21@gmail.com
17,Oliver Grant,58,33,Credit Card,oliver.grant33@gmail.com
18,Ava Richardson,14,19,Steam Wallet,ava.richardson19@gmail.com
19,Julian Park,67,34,PayPal,julian.park34@gmail.com
20,Natalia Kowalski,30,25,Debit Card,natalia.k25@gmail.com
21,Liam O’Connor,44,27,PayPal,liam.oconnor27@gmail.com
22,Sara Velasquez,29,23,Debit Card,sara.v23@gmail.com
23,Hiro Tanaka,61,32,Credit Card,hiro.tanaka32@gmail.com
24,Emily Foster,17,18,Steam Wallet,emily.foster18@gmail.com
25,Jacob Rivera,36,24,PayPal,jacob.rivera24@gmail.com
26,Zoe Mitchell,52,29,Debit Card,zoe.mitchell29@gmail.com
27,Andre Silva,40,26,Credit Card,andre.silva26@gmail.com
28,Mia Johansson,23,21,Steam Wallet,mia.johansson21@gmail.com
29,Carter Hughes,57,30,PayPal,carter.hughes30@gmail.com
30,Layla Hassan,34,25,Debit Card,layla.hassan25@gmail.com
31,Victor Morales,48,28,Credit Card,victor.morales28@gmail.com
32,Nina Petrova,20,19,Steam Wallet,nina.petrova19@gmail.com
33,Samuel Wright,73,34,PayPal,samuel.wright34@gmail.com
34,Aria Bennett,27,22,Debit Card,aria.bennett22@gmail.com
35,Diego Castillo,59,31,Credit Card,diego.castillo31@gmail.com
36,Jasmine Clarke,14,18,Steam Wallet,jasmine.clarke18@gmail.com
37,Owen Gallagher,46,27,PayPal,owen.gallagher27@gmail.com
38,Lucia Romano,33,24,Debit Card,lucia.romano24@gmail.com
39,Felix Schneider,62,33,Credit Card,felix.schneider33@gmail.com
40,Harper Adams,19,20,Steam Wallet,harper.adams20@gmail.com
41,Mateo Fernandez,51,29,PayPal,mateo.fernandez29@gmail.com
42,Elina Korhonen,25,23,Debit Card,elina.korhonen23@gmail.com
43,Jonah Price,38,26,Credit Card,jonah.price26@gmail.com
44,Riley Summers,12,18,Steam Wallet,riley.summers18@gmail.com
45,Stefan Novak,55,32,PayPal,stefan.novak32@gmail.com
46,Camila Duarte,31,25,Debit Card,camila.duarte25@gmail.com
47,Henry Walsh,68,34,Credit Card,henry.walsh34@gmail.com
48,Yara Haddad,22,21,Steam Wallet,yara.haddad21@gmail.com
49,Tobias Eriksen,49,30,PayPal,tobias.eriksen30@gmail.com
50,Freya Lindberg,35,28,Debit Card,freya.lindberg28@gmail.com
51,Adrian Cole,41,27,PayPal,adrian.cole27@gmail.com
52,Mila Torres,24,20,Debit Card,mila.torres20@gmail.com
53,Sven Bergstrom,66,33,Credit Card,sven.bergstrom33@gmail.com
54,Lila Morgan,18,19,Steam Wallet,lila.morgan19@gmail.com
55,Hugo Martins,53,31,PayPal,hugo.martins31@gmail.com
56,Keira Donovan,39,26,Debit Card,keira.donovan26@gmail.com
57,Rafael Mendes,72,34,Credit Card,rafael.mendes34@gmail.com
58,Talia Cohen,21,22,Steam Wallet,talia.cohen22@gmail.com
59,Declan Murphy,45,28,PayPal,declan.murphy28@gmail.com
60,Amara Singh,32,25,Debit Card,amara.singh25@gmail.com
61,Bruno Costa,58,30,Credit Card,bruno.costa30@gmail.com
62,Kyla Brooks,14,18,Steam Wallet,kyla.brooks18@gmail.com
63,Elias Werner,63,32,PayPal,elias.werner32@gmail.com
64,Naomi Clarke,29,23,Debit Card,naomi.clarke23@gmail.com
65,Pedro Alvarez,47,29,Credit Card,pedro.alvarez29@gmail.com
66,Sienna Walsh,16,19,Steam Wallet,sienna.walsh19@gmail.com
67,Marco Ricci,52,31,PayPal,marco.ricci31@gmail.com
68,Helena Fischer,34,24,Debit Card,helena.fischer24@gmail.com
69,Wyatt Turner,69,34,Credit Card,wyatt.turner34@gmail.com
70,Ivy Barrett,23,21,Steam Wallet,ivy.barrett21@gmail.com
71,Damian Ortiz,56,30,PayPal,damian.ortiz30@gmail.com
72,Rina Sato,27,22,Debit Card,rina.sato22@gmail.com
73,Connor Hayes,38,26,Credit Card,connor.hayes26@gmail.com
74,Elodie Marchand,12,18,Steam Wallet,elodie.marchand18@gmail.com
75,Viktor Ivanov,60,33,PayPal,viktor.ivanov33@gmail.com
76,Daniela Costa,31,25,Debit Card,daniela.costa25@gmail.com
77,Miles Bennett,44,28,Credit Card,miles.bennett28@gmail.com
78,Hana Yamaguchi,20,20,Steam Wallet,hana.yamaguchi20@gmail.com
79,Sergio Delgado,49,29,PayPal,sergio.delgado29@gmail.com
80,Elise Dubois,36,24,Debit Card,elise.dubois24@gmail.com
81,Rowan Mitchell,71,34,Credit Card,rowan.mitchell34@gmail.com
82,Piper Shaw,25,22,Steam Wallet,piper.shaw22@gmail.com
83,Ahmed Farouk,54,31,PayPal,ahmed.farouk31@gmail.com
84,Clara Jensen,33,23,Debit Card,clara.jensen23@gmail.com
85,Jonas Müller,62,33,Credit Card,jonas.muller33@gmail.com
86,Ruby Hart,17,19,Steam Wallet,ruby.hart19@gmail.com
87,Enzo Romano,43,27,PayPal,enzo.romano27@gmail.com
88,Mira Patel,30,24,Debit Card,mira.patel24@gmail.com
89,Theo Laurent,57,30,Credit Card,theo.laurent30@gmail.com
90,Zara Khan,22,21,Steam Wallet,zara.khan21@gmail.com
91,Gabriel Sousa,50,29,PayPal,gabriel.sousa29@gmail.com
92,Sofia Markovic,28,23,Debit Card,sofia.markovic23@gmail.com
93,Logan Pierce,64,34,Credit Card,logan.pierce34@gmail.com
94,Yuna Kim,19,20,Steam Wallet,yuna.kim20@gmail.com
95,Andrej Novak,48,28,PayPal,andrej.novak28@gmail.com
96,Valeria Santos,35,25,Debit Card,valeria.santos25@gmail.com
97,Carter Ellis,70,33,Credit Card,carter.ellis33@gmail.com
98,Leila Haddad,26,22,Steam Wallet,leila.haddad22@gmail.com
99,Henrik Olsen,55,31,PayPal,henrik.olsen31@gmail.com
100,Amelie Schneider,37,26,Debit Card,amelie.schneider26@gmail.com
101,Damian Brooks,46,28,PayPal,damian.brooks28@gmail.com
102,Alina Petrović,33,24,Debit Card,alina.petro24@gmail.com
103,Hugo Bernard,59,32,Credit Card,hugo.bernard32@gmail.com
104,Kyra Simmons,21,20,Steam Wallet,kyra.simmons20@gmail.com
105,Matteo Lombardi,51,30,PayPal,matteo.lombardi30@gmail.com
106,Elise Kramer,29,23,Debit Card,elise.kramer23@gmail.com
107,Jonas Richter,63,34,Credit Card,jonas.richter34@gmail.com
108,Lani Torres,18,19,Steam Wallet,lani.torres19@gmail.com
109,Cedric Howard,44,27,PayPal,cedric.howard27@gmail.com
110,Farah Malik,31,25,Debit Card,farah.malik25@gmail.com
111,Bruno Almeida,57,31,Credit Card,bruno.almeida31@gmail.com
112,Ivy Summers,15,18,Steam Wallet,ivy.summers18@gmail.com
113,Nikolai Petrov,70,33,PayPal,nikolai.petrov33@gmail.com
114,Clara Voss,26,22,Debit Card,clara.voss22@gmail.com
115,Diego Ramos,48,29,Credit Card,diego.ramos29@gmail.com
116,Hana Lee,20,20,Steam Wallet,hana.lee20@gmail.com
117,Marcus Jensen,53,31,PayPal,marcus.jensen31@gmail.com
118,Sofia Duarte,34,24,Debit Card,sofia.duarte24@gmail.com
119,Theo Martins,61,34,Credit Card,theo.martins34@gmail.com
120,Aria Collins,22,21,Steam Wallet,aria.collins21@gmail.com
121,Gabriel Novak,49,28,PayPal,gabriel.novak28@gmail.com
122,Yara Silva,30,25,Debit Card,yara.silva25@gmail.com
123,Henrik Bauer,66,33,Credit Card,henrik.bauer33@gmail.com
124,Zoe Hart,17,19,Steam Wallet,zoe.hart19@gmail.com
125,Elias Costa,55,30,PayPal,elias.costa30@gmail.com
126,Mira Johansson,28,23,Debit Card,mira.johansson23@gmail.com
127,Rowan Fischer,72,34,Credit Card,rowan.fischer34@gmail.com
128,Piper Lane,19,20,Steam Wallet,piper.lane20@gmail.com
129,Ahmed Nasser,52,31,PayPal,ahmed.nasser31@gmail.com
130,Clara Mendes,35,25,Debit Card,clara.mendes25@gmail.com
131,Jonas Eriksson,60,32,Credit Card,jonas.eriksson32@gmail.com
132,Ruby Collins,23,21,Steam Wallet,ruby.collins21@gmail.com
133,Enzo Ferrari,47,29,PayPal,enzo.ferrari29@gmail.com
134,Valentina Rossi,32,24,Debit Card,valentina.rossi24@gmail.com
135,Carter Hayes,68,34,Credit Card,carter.hayes34@gmail.com
136,Leila Morgan,20,20,Steam Wallet,leila.morgan20@gmail.com
137,Henrik Olsen,54,31,PayPal,henrik.olsen31@gmail.com
138,Amelie Weber,27,22,Debit Card,amelie.weber22@gmail.com
139,Logan Schmidt,63,33,Credit Card,logan.schmidt33@gmail.com
140,Yuna Park,18,19,Steam Wallet,yuna.park19@gmail.com
141,Andrej Horvat,50,29,PayPal,andrej.horvat29@gmail.com
142,Valeria Costa,36,25,Debit Card,valeria.costa25@gmail.com
143,Carter Mitchell,71,34,Credit Card,carter.mitchell34@gmail.com
144,Leila Haddad,24,21,Steam Wallet,leila.haddad21@gmail.com
145,Stefan Müller,58,30,PayPal,stefan.muller30@gmail.com
146,Daniela Petrova,33,23,Debit Card,daniela.petrova23@gmail.com
147,Miles Laurent,67,34,Credit Card,miles.laurent34@gmail.com
148,Hana Kimura,21,20,Steam Wallet,hana.kimura20@gmail.com
149,Sergio Alvarez,46,28,PayPal,sergio.alvarez28@gmail.com
150,Elise Fontaine,31,25,Debit Card,elise.fontaine25@gmail.com
151,Adrian Wells,42,27,PayPal,adrian.wells27@gmail.com
152,Lila Novak,28,23,Debit Card,lila.novak23@gmail.com
153,Sven Müller,64,34,Credit Card,sven.muller34@gmail.com
154,Keira Adams,19,20,Steam Wallet,keira.adams20@gmail.com
155,Matteo Russo,55,31,PayPal,matteo.russo31@gmail.com
156,Elise Becker,33,24,Debit Card,elise.becker24@gmail.com
157,Jonas Weber,70,33,Credit Card,jonas.weber33@gmail.com
158,Hana Ortiz,22,21,Steam Wallet,hana.ortiz21@gmail.com
159,Cedric Lane,48,29,PayPal,cedric.lane29@gmail.com
160,Farah Youssef,31,25,Debit Card,farah.youssef25@gmail.com
161,Bruno Mendes,59,32,Credit Card,bruno.mendes32@gmail.com
162,Ivy Collins,16,18,Steam Wallet,ivy.collins18@gmail.com
163,Nikolai Ivanov,73,34,PayPal,nikolai.ivanov34@gmail.com
164,Clara Schmidt,27,22,Debit Card,clara.schmidt22@gmail.com
165,Diego Alvarez,50,29,Credit Card,diego.alvarez29@gmail.com
166,Hana Sakamoto,20,20,Steam Wallet,hana.sakamoto20@gmail.com
167,Marcus Silva,54,31,PayPal,marcus.silva31@gmail.com
168,Sofia Lindberg,35,25,Debit Card,sofia.lindberg25@gmail.com
169,Theo Richter,63,33,Credit Card,theo.richter33@gmail.com
170,Aria Bennett,23,21,Steam Wallet,aria.bennett21@gmail.com
171,Gabriel Costa,47,28,PayPal,gabriel.costa28@gmail.com
172,Yara Mendes,29,23,Debit Card,yara.mendes23@gmail.com
173,Henrik Sørensen,67,34,Credit Card,henrik.sorensen34@gmail.com
174,Zoe Marshall,18,19,Steam Wallet,zoe.marshall19@gmail.com
175,Elias Duarte,52,30,PayPal,elias.duarte30@gmail.com
176,Mira Kowalski,32,24,Debit Card,mira.kowalski24@gmail.com
177,Rowan Becker,71,34,Credit Card,rowan.becker34@gmail.com
178,Piper Novak,21,20,Steam Wallet,piper.novak20@gmail.com
179,Ahmed Karim,49,29,PayPal,ahmed.karim29@gmail.com
180,Clara Rossi,34,25,Debit Card,clara.rossi25@gmail.com
181,Jonas Lindholm,62,33,Credit Card,jonas.lindholm33@gmail.com
182,Ruby Jensen,22,21,Steam Wallet,ruby.jensen21@gmail.com
183,Enzo Romano,46,28,PayPal,enzo.romano28@gmail.com
184,Valentina Duarte,30,25,Debit Card,valentina.duarte25@gmail.com
185,Carter Fischer,69,34,Credit Card,carter.fischer34@gmail.com
186,Leila Park,19,20,Steam Wallet,leila.park20@gmail.com
187,Stefan Horvat,56,31,PayPal,stefan.horvat31@gmail.com
188,Daniela Weber,33,23,Debit Card,daniela.weber23@gmail.com
189,Miles Laurent,65,33,Credit Card,miles.laurent33@gmail.com
190,Hana Kim,20,20,Steam Wallet,hana.kim20@gmail.com
191,Sergio Delgado,51,29,PayPal,sergio.delgado29@gmail.com
192,Elise Fontaine,28,23,Debit Card,elise.fontaine23@gmail.com
193,Henrik Olsen,60,32,Credit Card,henrik.olsen32@gmail.com
194,Yuna Takahashi,18,19,Steam Wallet,yuna.takahashi19@gmail.com
195,Andrej Novak,53,31,PayPal,andrej.novak31@gmail.com
196,Valeria Santos,36,25,Debit Card,valeria.santos25@gmail.com
197,Carter Ellis,72,34,Credit Card,carter.ellis34@gmail.com
198,Leila Haddad,24,21,Steam Wallet,leila.haddad21@gmail.com
199,Stefan Müller,58,30,PayPal,stefan.muller30@gmail.com
200,Amelie Schneider,31,25,Debit Card,amelie.schneider25@gmail.com
201,Adrian Cole,43,27,PayPal,adrian.cole27@gmail.com
202,Lila Torres,26,22,Debit Card,lila.torres22@gmail.com
203,Sven Richter,62,34,Credit Card,sven.richter34@gmail.com
204,Keira Morgan,20,19,Steam Wallet,keira.morgan19@gmail.com
205,Matteo Silva,54,31,PayPal,matteo.silva31@gmail.com
206,Elise Novak,32,24,Debit Card,elise.novak24@gmail.com
207,Jonas Becker,68,33,Credit Card,jonas.becker33@gmail.com
208,Hana Duarte,23,21,Steam Wallet,hana.duarte21@gmail.com
209,Cedric Fischer,47,28,PayPal,cedric.fischer28@gmail.com
210,Farah Costa,30,25,Debit Card,farah.costa25@gmail.com
211,Bruno Weber,58,32,Credit Card,bruno.weber32@gmail.com
212,Ivy Schmidt,17,18,Steam Wallet,ivy.schmidt18@gmail.com
213,Nikolai Horvat,72,34,PayPal,nikolai.horvat34@gmail.com
214,Clara Lindholm,28,23,Debit Card,clara.lindholm23@gmail.com
215,Diego Romano,49,29,Credit Card,diego.romano29@gmail.com
216,Hana Kimura,21,20,Steam Wallet,hana.kimura20@gmail.com
217,Marcus Müller,53,31,PayPal,marcus.muller31@gmail.com
218,Sofia Eriksen,34,25,Debit Card,sofia.eriksen25@gmail.com
219,Theo Laurent,61,33,Credit Card,theo.laurent33@gmail.com
220,Aria Fontaine,22,21,Steam Wallet,aria.fontaine21@gmail.com
221,Gabriel Mendes,48,28,PayPal,gabriel.mendes28@gmail.com
222,Yara Kowalski,29,23,Debit Card,yara.kowalski23@gmail.com
223,Henrik Novak,66,34,Credit Card,henrik.novak34@gmail.com
224,Zoe Fischer,18,19,Steam Wallet,zoe.fischer19@gmail.com
225,Elias Santos,52,30,PayPal,elias.santos30@gmail.com
226,Mira Weber,31,24,Debit Card,mira.weber24@gmail.com
227,Rowan Schmidt,70,33,Credit Card,rowan.schmidt33@gmail.com
228,Piper Lindberg,20,20,Steam Wallet,piper.lindberg20@gmail.com
229,Ahmed Duarte,50,29,PayPal,ahmed.duarte29@gmail.com
230,Clara Romano,33,25,Debit Card,clara.romano25@gmail.com
231,Jonas Costa,63,32,Credit Card,jonas.costa32@gmail.com
232,Ruby Novak,23,21,Steam Wallet,ruby.novak21@gmail.com
233,Enzo Müller,45,28,PayPal,enzo.muller28@gmail.com
234,Valentina Silva,30,25,Debit Card,valentina.silva25@gmail.com
235,Carter Weber,67,34,Credit Card,carter.weber34@gmail.com
236,Leila Schmidt,19,20,Steam Wallet,leila.schmidt20@gmail.com
237,Stefan Costa,55,31,PayPal,stefan.costa31@gmail.com
238,Daniela Fischer,32,23,Debit Card,daniela.fischer23@gmail.com
239,Miles Richter,64,33,Credit Card,miles.richter33@gmail.com
240,Hana Park,18,19,Steam Wallet,hana.park19@gmail.com
241,Sergio Mendes,51,29,PayPal,sergio.mendes29@gmail.com
242,Elise Lindholm,27,22,Debit Card,elise.lindholm22@gmail.com
243,Henrik Fischer,59,32,Credit Card,henrik.fischer32@gmail.com
244,Yuna Sato,20,20,Steam Wallet,yuna.sato20@gmail.com
245,Andrej Ivanov,54,31,PayPal,andrej.ivanov31@gmail.com
246,Valeria Novak,36,25,Debit Card,valeria.novak25@gmail.com
247,Carter Lindberg,71,34,Credit Card,carter.lindberg34@gmail.com
248,Leila Fontaine,24,21,Steam Wallet,leila.fontaine21@gmail.com
249,Stefan Richter,57,30,PayPal,stefan.richter30@gmail.com
250,Amelie Costa,31,25,Debit Card,amelie.costa25@gmail.com
251,Adrian Meyer,44,27,PayPal,adrian.meyer27@gmail.com
252,Lila Santos,25,22,Debit Card,lila.santos22@gmail.com
253,Sven Lindberg,63,34,Credit Card,sven.lindberg34@gmail.com
254,Keira Johansson,19,20,Steam Wallet,keira.johansson20@gmail.com
255,Matteo Duarte,56,31,PayPal,matteo.duarte31@gmail.com
256,Elise Fischer,30,24,Debit Card,elise.fischer24@gmail.com
257,Jonas Eriksen,69,33,Credit Card,jonas.eriksen33@gmail.com
258,Hana Müller,22,21,Steam Wallet,hana.muller21@gmail.com
259,Cedric Novak,46,28,PayPal,cedric.novak28@gmail.com
260,Farah Lindholm,31,25,Debit Card,farah.lindholm25@gmail.com
261,Bruno Richter,57,32,Credit Card,bruno.richter32@gmail.com
262,Ivy Costa,16,18,Steam Wallet,ivy.costa18@gmail.com
263,Nikolai Weber,71,34,PayPal,nikolai.weber34@gmail.com
264,Clara Mendes,27,22,Debit Card,clara.mendes22@gmail.com
265,Diego Fischer,50,29,Credit Card,diego.fischer29@gmail.com
266,Hana Sato,20,20,Steam Wallet,hana.sato20@gmail.com
267,Marcus Kowalski,55,31,PayPal,marcus.kowalski31@gmail.com
268,Sofia Romano,34,25,Debit Card,sofia.romano25@gmail.com
269,Theo Schmidt,62,33,Credit Card,theo.schmidt33@gmail.com
270,Aria Weber,23,21,Steam Wallet,aria.weber21@gmail.com
271,Gabriel Rossi,48,28,PayPal,gabriel.rossi28@gmail.com
272,Yara Silva,29,23,Debit Card,yara.silva23@gmail.com
273,Henrik Duarte,66,34,Credit Card,henrik.duarte34@gmail.com
274,Zoe Lindberg,18,19,Steam Wallet,zoe.lindberg19@gmail.com
275,Elias Novak,53,30,PayPal,elias.novak30@gmail.com
276,Mira Santos,31,24,Debit Card,mira.santos24@gmail.com
277,Rowan Costa,70,33,Credit Card,rowan.costa33@gmail.com
278,Piper Schmidt,21,20,Steam Wallet,piper.schmidt20@gmail.com
279,Ahmed Fischer,49,29,PayPal,ahmed.fischer29@gmail.com
280,Clara Weber,33,25,Debit Card,clara.weber25@gmail.com
281,Jonas Müller,64,32,Credit Card,jonas.muller32@gmail.com
282,Ruby Lindholm,22,21,Steam Wallet,ruby.lindholm21@gmail.com
283,Enzo Duarte,47,28,PayPal,enzo.duarte28@gmail.com
284,Valentina Novak,30,25,Debit Card,valentina.novak25@gmail.com
285,Carter Eriksen,68,34,Credit Card,carter.eriksen34@gmail.com
286,Leila Fischer,19,20,Steam Wallet,leila.fischer20@gmail.com
287,Stefan Costa,56,31,PayPal,stefan.costa31@gmail.com
288,Daniela Richter,32,23,Debit Card,daniela.richter23@gmail.com
289,Miles Weber,65,33,Credit Card,miles.weber33@gmail.com
290,Hana Lindberg,18,19,Steam Wallet,hana.lindberg19@gmail.com
291,Sergio Müller,52,29,PayPal,sergio.muller29@gmail.com
292,Elise Santos,28,23,Debit Card,elise.santos23@gmail.com
293,Henrik Fischer,60,32,Credit Card,henrik.fischer32@gmail.com
294,Yuna Park,20,20,Steam Wallet,yuna.park20@gmail.com
295,Andrej Weber,54,31,PayPal,andrej.weber31@gmail.com
296,Valeria Lindholm,36,25,Debit Card,valeria.lindholm25@gmail.com
297,Carter Novak,72,34,Credit Card,carter.novak34@gmail.com
298,Leila Costa,24,21,Steam Wallet,leila.costa21@gmail.com
299,Stefan Richter,58,30,PayPal,stefan.richter30@gmail.com
300,Amelie Weber,31,25,Debit Card,amelie.weber25@gmail.com
301,Adrian Schultz,45,27,PayPal,adrian.schultz27@gmail.com
302,Lila Ferreira,26,22,Debit Card,lila.ferreira22@gmail.com
303,Sven Karlsson,61,34,Credit Card,sven.karlsson34@gmail.com
304,Keira Mendes,20,20,Steam Wallet,keira.mendes20@gmail.com
305,Matteo Romano,55,31,PayPal,matteo.romano31@gmail.com
306,Elise Horvat,32,24,Debit Card,elise.horvat24@gmail.com
307,Jonas Lindström,70,33,Credit Card,jonas.lindstrom33@gmail.com
308,Hana Duarte,21,21,Steam Wallet,hana.duarte21@gmail.com
309,Cedric Müller,48,28,PayPal,cedric.muller28@gmail.com
310,Farah Petrov,30,25,Debit Card,farah.petrov25@gmail.com
311,Bruno Kowalski,59,32,Credit Card,bruno.kowalski32@gmail.com
312,Ivy Novak,17,18,Steam Wallet,ivy.novak18@gmail.com
313,Nikolai Fischer,72,34,PayPal,nikolai.fischer34@gmail.com
314,Clara Weber,28,23,Debit Card,clara.weber23@gmail.com
315,Diego Santos,50,29,Credit Card,diego.santos29@gmail.com
316,Hana Lindberg,20,20,Steam Wallet,hana.lindberg20@gmail.com
317,Marcus Richter,54,31,PayPal,marcus.richter31@gmail.com
318,Sofia Müller,35,25,Debit Card,sofia.muller25@gmail.com
319,Theo Costa,63,33,Credit Card,theo.costa33@gmail.com
320,Aria Schmidt,22,21,Steam Wallet,aria.schmidt21@gmail.com
321,Gabriel Weber,47,28,PayPal,gabriel.weber28@gmail.com
322,Yara Lindholm,29,23,Debit Card,yara.lindholm23@gmail.com
323,Henrik Duarte,66,34,Credit Card,henrik.duarte34@gmail.com
324,Zoe Fischer,18,19,Steam Wallet,zoe.fischer19@gmail.com
325,Elias Novak,52,30,PayPal,elias.novak30@gmail.com
326,Mira Santos,31,24,Debit Card,mira.santos24@gmail.com
327,Rowan Weber,70,33,Credit Card,rowan.weber33@gmail.com
328,Piper Richter,21,20,Steam Wallet,piper.richter20@gmail.com
329,Ahmed Costa,49,29,PayPal,ahmed.costa29@gmail.com
330,Clara Müller,33,25,Debit Card,clara.muller25@gmail.com
331,Jonas Schmidt,64,32,Credit Card,jonas.schmidt32@gmail.com
332,Ruby Lindberg,22,21,Steam Wallet,ruby.lindberg21@gmail.com
333,Enzo Weber,46,28,PayPal,enzo.weber28@gmail.com
334,Valentina Richter,30,25,Debit Card,valentina.richter25@gmail.com
335,Carter Santos,68,34,Credit Card,carter.santos34@gmail.com
336,Leila Novak,19,20,Steam Wallet,leila.novak20@gmail.com
337,Stefan Fischer,56,31,PayPal,stefan.fischer31@gmail.com
338,Daniela Costa,32,23,Debit Card,daniela.costa23@gmail.com
339,Miles Weber,65,33,Credit Card,miles.weber33@gmail.com
340,Hana Schmidt,18,19,Steam Wallet,hana.schmidt19@gmail.com
341,Sergio Lindholm,51,29,PayPal,sergio.lindholm29@gmail.com
342,Elise Richter,27,22,Debit Card,elise.richter22@gmail.com
343,Henrik Costa,59,32,Credit Card,henrik.costa32@gmail.com
344,Yuna Müller,20,20,Steam Wallet,yuna.muller20@gmail.com
345,Andrej Weber,54,31,PayPal,andrej.weber31@gmail.com
346,Valeria Santos,36,25,Debit Card,valeria.santos25@gmail.com
347,Carter Richter,71,34,Credit Card,carter.richter34@gmail.com
348,Leila Weber,24,21,Steam Wallet,leila.weber21@gmail.com
349,Stefan Lindberg,57,30,PayPal,stefan.lindberg30@gmail.com
350,Amelie Fischer,31,25,Debit Card,amelie.fischer25@gmail.com
351,Adrian Costa,44,27,PayPal,adrian.costa27@gmail.com
352,Lila Weber,26,22,Debit Card,lila.weber22@gmail.com
353,Sven Duarte,63,34,Credit Card,sven.duarte34@gmail.com
354,Keira Fischer,20,20,Steam Wallet,keira.fischer20@gmail.com
355,Matteo Lindberg,55,31,PayPal,matteo.lindberg31@gmail.com
356,Elise Schmidt,32,24,Debit Card,elise.schmidt24@gmail.com
357,Jonas Costa,69,33,Credit Card,jonas.costa33@gmail.com
358,Hana Weber,21,21,Steam Wallet,hana.weber21@gmail.com
359,Cedric Richter,48,28,PayPal,cedric.richter28@gmail.com
360,Farah Müller,30,25,Debit Card,farah.muller25@gmail.com
361,Bruno Santos,59,32,Credit Card,bruno.santos32@gmail.com
362,Ivy Lindholm,17,18,Steam Wallet,ivy.lindholm18@gmail.com
363,Nikolai Weber,72,34,PayPal,nikolai.weber34@gmail.com
364,Clara Fischer,28,23,Debit Card,clara.fischer23@gmail.com
365,Diego Richter,50,29,Credit Card,diego.richter29@gmail.com
366,Hana Costa,20,20,Steam Wallet,hana.costa20@gmail.com
367,Marcus Lindberg,54,31,PayPal,marcus.lindberg31@gmail.com
368,Sofia Schmidt,35,25,Debit Card,sofia.schmidt25@gmail.com
369,Theo Weber,63,33,Credit Card,theo.weber33@gmail.com
370,Aria Santos,22,21,Steam Wallet,aria.santos21@gmail.com
371,Gabriel Fischer,47,28,PayPal,gabriel.fischer28@gmail.com
372,Yara Richter,29,23,Debit Card,yara.richter23@gmail.com
373,Henrik Müller,66,34,Credit Card,henrik.muller34@gmail.com
374,Zoe Costa,18,19,Steam Wallet,zoe.costa19@gmail.com
375,Elias Weber,52,30,PayPal,elias.weber30@gmail.com
376,Mira Lindberg,31,24,Debit Card,mira.lindberg24@gmail.com
377,Rowan Schmidt,70,33,Credit Card,rowan.schmidt33@gmail.com
378,Piper Santos,21,20,Steam Wallet,piper.santos20@gmail.com
379,Ahmed Richter,49,29,PayPal,ahmed.richter29@gmail.com
380,Clara Müller,33,25,Debit Card,clara.muller25@gmail.com
381,Jonas Costa,64,32,Credit Card,jonas.costa32@gmail.com
382,Ruby Weber,22,21,Steam Wallet,ruby.weber21@gmail.com
383,Enzo Lindholm,46,28,PayPal,enzo.lindholm28@gmail.com
384,Valentina Fischer,30,25,Debit Card,valentina.fischer25@gmail.com
385,Carter Richter,68,34,Credit Card,carter.richter34@gmail.com
386,Leila Santos,19,20,Steam Wallet,leila.santos20@gmail.com
387,Stefan Weber,56,31,PayPal,stefan.weber31@gmail.com
388,Daniela Lindberg,32,23,Debit Card,daniela.lindberg23@gmail.com
389,Miles Schmidt,65,33,Credit Card,miles.schmidt33@gmail.com
390,Hana Fischer,18,19,Steam Wallet,hana.fischer19@gmail.com
391,Sergio Weber,51,29,PayPal,sergio.weber29@gmail.com
392,Elise Costa,27,22,Debit Card,elise.costa22@gmail.com
393,Henrik Lindholm,59,32,Credit Card,henrik.lindholm32@gmail.com
394,Yuna Richter,20,20,Steam Wallet,yuna.richter20@gmail.com
395,Andrej Santos,54,31,PayPal,andrej.santos31@gmail.com
396,Valeria Weber,36,25,Debit Card,valeria.weber25@gmail.com
397,Carter Fischer,71,34,Credit Card,carter.fischer34@gmail.com
398,Leila Lindberg,24,21,Steam Wallet,leila.lindberg21@gmail.com
399,Stefan Costa,57,30,PayPal,stefan.costa30@gmail.com
400,Amelie Richter,31,25,Debit Card,amelie.richter25@gmail.com
401,Adrian Novak,45,27,PayPal,adrian.novak27@gmail.com
402,Lila Richter,26,22,Debit Card,lila.richter22@gmail.com
403,Sven Santos,62,34,Credit Card,sven.santos34@gmail.com
404,Keira Weber,20,20,Steam Wallet,keira.weber20@gmail.com
405,Matteo Fischer,56,31,PayPal,matteo.fischer31@gmail.com
406,Elise Costa,33,24,Debit Card,elise.costa24@gmail.com
407,Jonas Lindberg,69,33,Credit Card,jonas.lindberg33@gmail.com
408,Hana Schmidt,21,21,Steam Wallet,hana.schmidt21@gmail.com
409,Cedric Weber,47,28,PayPal,cedric.weber28@gmail.com
410,Farah Richter,31,25,Debit Card,farah.richter25@gmail.com
411,Bruno Costa,58,32,Credit Card,bruno.costa32@gmail.com
412,Ivy Müller,17,18,Steam Wallet,ivy.muller18@gmail.com
413,Nikolai Santos,72,34,PayPal,nikolai.santos34@gmail.com
414,Clara Lindberg,28,23,Debit Card,clara.lindberg23@gmail.com
415,Diego Weber,50,29,Credit Card,diego.weber29@gmail.com
416,Hana Fischer,20,20,Steam Wallet,hana.fischer20@gmail.com
417,Marcus Costa,54,31,PayPal,marcus.costa31@gmail.com
418,Sofia Richter,35,25,Debit Card,sofia.richter25@gmail.com
419,Theo Müller,63,33,Credit Card,theo.muller33@gmail.com
420,Aria Lindholm,22,21,Steam Wallet,aria.lindholm21@gmail.com
421,Gabriel Santos,47,28,PayPal,gabriel.santos28@gmail.com
422,Yara Weber,29,23,Debit Card,yara.weber23@gmail.com
423,Henrik Fischer,66,34,Credit Card,henrik.fischer34@gmail.com
424,Zoe Richter,18,19,Steam Wallet,zoe.richter19@gmail.com
425,Elias Costa,52,30,PayPal,elias.costa30@gmail.com
426,Mira Weber,31,24,Debit Card,mira.weber24@gmail.com
427,Rowan Santos,70,33,Credit Card,rowan.santos33@gmail.com
428,Piper Lindberg,21,20,Steam Wallet,piper.lindberg20@gmail.com
429,Ahmed Müller,49,29,PayPal,ahmed.muller29@gmail.com
430,Clara Richter,33,25,Debit Card,clara.richter25@gmail.com
431,Jonas Weber,64,32,Credit Card,jonas.weber32@gmail.com
432,Ruby Costa,22,21,Steam Wallet,ruby.costa21@gmail.com
433,Enzo Santos,46,28,PayPal,enzo.santos28@gmail.com
434,Valentina Lindholm,30,25,Debit Card,valentina.lindholm25@gmail.com
435,Carter Weber,68,34,Credit Card,carter.weber34@gmail.com
436,Leila Fischer,19,20,Steam Wallet,leila.fischer20@gmail.com
437,Stefan Richter,56,31,PayPal,stefan.richter31@gmail.com
438,Daniela Costa,32,23,Debit Card,daniela.costa23@gmail.com
439,Miles Santos,65,33,Credit Card,miles.santos33@gmail.com
440,Hana Weber,18,19,Steam Wallet,hana.weber19@gmail.com
441,Sergio Lindholm,51,29,PayPal,sergio.lindholm29@gmail.com
442,Elise Fischer,27,22,Debit Card,elise.fischer22@gmail.com
443,Henrik Costa,59,32,Credit Card,henrik.costa32@gmail.com
444,Yuna Schmidt,20,20,Steam Wallet,yuna.schmidt20@gmail.com
445,Andrej Santos,54,31,PayPal,andrej.santos31@gmail.com
446,Valeria Weber,36,25,Debit Card,valeria.weber25@gmail.com
447,Carter Fischer,71,34,Credit Card,carter.fischer34@gmail.com
448,Leila Richter,24,21,Steam Wallet,leila.richter21@gmail.com
449,Stefan Lindberg,57,30,PayPal,stefan.lindberg30@gmail.com
450,Amelie Costa,31,25,Debit Card,amelie.costa25@gmail.com
451,Adrian Fischer,44,27,PayPal,adrian.fischer27@gmail.com
452,Lila Costa,26,22,Debit Card,lila.costa22@gmail.com
453,Sven Weber,63,34,Credit Card,sven.weber34@gmail.com
454,Keira Lindholm,20,20,Steam Wallet,keira.lindholm20@gmail.com
455,Matteo Richter,55,31,PayPal,matteo.richter31@gmail.com
456,Elise Santos,33,24,Debit Card,elise.santos24@gmail.com
457,Jonas Müller,69,33,Credit Card,jonas.muller33@gmail.com
458,Hana Costa,21,21,Steam Wallet,hana.costa21@gmail.com
459,Cedric Lindberg,48,28,PayPal,cedric.lindberg28@gmail.com
460,Farah Weber,30,25,Debit Card,farah.weber25@gmail.com
461,Bruno Richter,59,32,Credit Card,bruno.richter32@gmail.com
462,Ivy Santos,17,18,Steam Wallet,ivy.santos18@gmail.com
463,Nikolai Costa,72,34,PayPal,nikolai.costa34@gmail.com
464,Clara Weber,28,23,Debit Card,clara.weber23@gmail.com
465,Diego Lindholm,50,29,Credit Card,diego.lindholm29@gmail.com
466,Hana Müller,20,20,Steam Wallet,hana.muller20@gmail.com
467,Marcus Santos,54,31,PayPal,marcus.santos31@gmail.com
468,Sofia Weber,35,25,Debit Card,sofia.weber25@gmail.com
469,Theo Richter,63,33,Credit Card,theo.richter33@gmail.com
470,Aria Costa,22,21,Steam Wallet,aria.costa21@gmail.com
471,Gabriel Lindberg,47,28,PayPal,gabriel.lindberg28@gmail.com
472,Yara Müller,29,23,Debit Card,yara.muller23@gmail.com
473,Henrik Santos,66,34,Credit Card,henrik.santos34@gmail.com
474,Zoe Weber,18,19,Steam Wallet,zoe.weber19@gmail.com
475,Elias Richter,52,30,PayPal,elias.richter30@gmail.com
476,Mira Costa,31,24,Debit Card,mira.costa24@gmail.com
477,Rowan Müller,70,33,Credit Card,rowan.muller33@gmail.com
478,Piper Weber,21,20,Steam Wallet,piper.weber20@gmail.com
479,Ahmed Santos,49,29,PayPal,ahmed.santos29@gmail.com
480,Clara Lindholm,33,25,Debit Card,clara.lindholm25@gmail.com
481,Jonas Richter,64,32,Credit Card,jonas.richter32@gmail.com
482,Ruby Costa,22,21,Steam Wallet,ruby.costa21@gmail.com
483,Enzo Weber,46,28,PayPal,enzo.weber28@gmail.com
484,Valentina Müller,30,25,Debit Card,valentina.muller25@gmail.com
485,Carter Santos,68,34,Credit Card,carter.santos34@gmail.com
486,Leila Richter,19,20,Steam Wallet,leila.richter20@gmail.com
487,Stefan Costa,56,31,PayPal,stefan.costa31@gmail.com
488,Daniela Weber,32,23,Debit Card,daniela.weber23@gmail.com
489,Miles Lindholm,65,33,Credit Card,miles.lindholm33@gmail.com
490,Hana Santos,18,19,Steam Wallet,hana.santos19@gmail.com
491,Sergio Costa,51,29,PayPal,sergio.costa29@gmail.com
492,Elise Müller,27,22,Debit Card,elise.muller22@gmail.com
493,Henrik Weber,59,32,Credit Card,henrik.weber32@gmail.com
494,Yuna Costa,20,20,Steam Wallet,yuna.costa20@gmail.com
495,Andrej Richter,54,31,PayPal,andrej.richter31@gmail.com
496,Valeria Lindberg,36,25,Debit Card,valeria.lindberg25@gmail.com
497,Carter Weber,71,34,Credit Card,carter.weber34@gmail.com
498,Leila Santos,24,21,Steam Wallet,leila.santos21@gmail.com
499,Stefan Müller,57,30,PayPal,stefan.muller30@gmail.com
500,Amelie Costa,31,25,Debit Card,amelie.costa25@gmail.com